{
  "metadata": {
     "type": "triangles"
  },
  
  "v": [
[171.42857,80.0,0.0],
[262.85715,80.0,0.0],
[354.2857,80.0,0.0],
[171.42857,171.42857,0.0],
[262.85715,171.42857,0.0],
[354.2857,171.42857,0.0],
[445.7143,171.42857,0.0],
[171.42857,262.85715,0.0],
[262.85715,262.85715,0.0],
[354.2857,262.85715,0.0],
[445.7143,262.85715,0.0],
[171.42857,354.2857,0.0],
[262.85715,354.2857,0.0],
[354.2857,354.2857,0.0],
[445.7143,354.2857,0.0],
[80.0,445.7143,0.0],
[171.42857,445.7143,0.0],
[262.85715,445.7143,0.0],
[354.2857,445.7143,0.0],
[80.0,537.1428,0.0],
[171.42857,537.1428,0.0],
[262.85715,537.1428,0.0],
[354.2857,537.1428,0.0],
[445.7143,537.1428,0.0],
[80.0,628.5714,0.0],
[171.42857,628.5714,0.0],
[262.85715,628.5714,0.0],
[354.2857,628.5714,0.0],
[445.7143,628.5714,0.0],
[537.1428,628.5714,0.0],
[171.42857,720.0,0.0],
[262.85715,720.0,0.0],
[354.2857,720.0,0.0],
[445.7143,720.0,0.0],
[537.1428,720.0,0.0],
[296.1039,429.0909,-200.0]],

"t": [
[0,4,3],
[0,1,4],
[1,5,4],
[1,2,5],
[2,6,5],
[3,8,7],
[3,4,8],
[4,9,8],
[4,5,9],
[5,10,9],
[5,6,10],
[7,12,11],
[7,8,12],
[8,13,12],
[8,9,13],
[9,14,13],
[9,10,14],
[11,17,16],
[11,12,17],
[12,18,17],
[12,13,18],
[15,20,19],
[15,16,20],
[16,21,20],
[16,17,21],
[17,22,21],
[17,18,22],
[18,23,22],
[19,25,24],
[19,20,25],
[20,26,25],
[20,21,26],
[21,27,26],
[21,22,27],
[22,28,27],
[22,23,28],
[23,29,28],
[24,25,30],
[25,31,30],
[25,26,31],
[26,32,31],
[26,27,32],
[27,33,32],
[27,28,33],
[28,34,33],
[28,29,34],
[35,0,3],
[35,1,0],
[35,2,1],
[35,6,2],
[35,10,6],
[35,14,10],
[35,13,14],
[35,18,13],
[35,23,18],
[35,29,23],
[35,34,29],
[35,33,34],
[35,32,33],
[35,31,32],
[35,30,31],
[35,24,30],
[35,19,24],
[35,15,19],
[35,16,15],
[35,11,16],
[35,7,11],
[35,3,7]]
}