{
  "metadata": {
     "type": "triangles"
  },
  
  "v": [
[80.0,80.0,0.0],
[293.3333,80.0,0.0],
[506.66666,80.0,0.0],
[720.0,80.0,0.0],
[80.0,293.3333,0.0],
[293.3333,293.3333,0.0],
[506.66666,293.3333,0.0],
[720.0,293.3333,0.0],
[80.0,506.66666,0.0],
[293.3333,506.66666,0.0],
[506.66666,506.66666,0.0],
[720.0,506.66666,0.0],
[80.0,720.0,0.0],
[293.3333,720.0,0.0],
[506.66666,720.0,0.0],
[720.0,720.0,0.0],
[400.0,400.0,-100.0]],

"t": [
[0,5,4],
[0,1,5],
[1,6,5],
[1,2,6],
[2,7,6],
[2,3,7],
[4,9,8],
[4,5,9],
[5,10,9],
[5,6,10],
[6,11,10],
[6,7,11],
[8,13,12],
[8,9,13],
[9,14,13],
[9,10,14],
[10,15,14],
[10,11,15],
[16,0,4],
[16,1,0],
[16,2,1],
[16,3,2],
[16,7,3],
[16,11,7],
[16,15,11],
[16,14,15],
[16,13,14],
[16,12,13],
[16,8,12],
[16,4,8]]
}