{
  "metadata": {
     "type": "triangles"
  },
  
  "v": [
[-30.0,-30.0,-30.0],
[0.0,100.0,0.0],
[100.0,0.0,0.0],
[0.0,0.0,100.0],
[23.333334,-10.0,23.333334],
[-10.0,23.333334,23.333334],
[23.333334,23.333334,-10.0],
[33.333332,33.333332,33.333332]],

"t": [
[4,2,3],
[5,3,1],
[6,1,2],
[7,3,2],
[4,3,0],
[5,1,0],
[6,2,0],
[7,2,1],
[4,0,2],
[5,0,3],
[6,0,1],
[7,1,3]]
}