{
  "metadata": {
     "type": "triangles"
  },
  
  "v": [
[-0.57735, -0.57735, 0.57735 ],
[0.934172, 0.356822, 0 ],
[0.934172, -0.356822, 0 ],
[-0.934172, 0.356822, 0 ],
[-0.934172, -0.356822, 0 ],
[0, 0.934172, 0.356822 ],
[0, 0.934172, -0.356822 ],
[0.356822, 0, -0.934172 ],
[-0.356822, 0, -0.934172 ],
[0, -0.934172, -0.356822 ],
[0, -0.934172, 0.356822 ],
[0.356822, 0, 0.934172 ],
[-0.356822, 0, 0.934172 ],
[0.57735, 0.57735, -0.57735 ],
[0.57735, 0.57735, 0.57735 ],
[-0.57735, 0.57735, -0.57735 ],
[-0.57735, 0.57735, 0.57735 ],
[0.57735, -0.57735, -0.57735 ],
[0.57735, -0.57735, 0.57735 ],
[-0.57735, -0.57735, -0.57735 ],
[2.37727, 0, 1.46924 ],
[2.37727, 0, -1.46924], 
[-2.37727, 0, -1.46924 ],
[-2.37727, 0, 1.46924], 
[-1.46924, 2.37727, 0], 
[1.46924, 2.37727, 0], 
[1.46924, -2.37727, 0], 
[-1.46924, -2.37727, 0], 
[0, -1.46924, -2.37727],
[0, 1.46924, -2.37727], 
[0, 1.46924, 2.37727], 
[0, -1.46924, 2.37727]],
"t": [ 
[20, 2,  1], 
[20, 18,  2], 
[20, 11,  18], 
[20, 14,  11], 
[20, 1,  14], 
[21, 13,  1], 
[21, 7,  13], 
[21, 17,  7], 
[21, 2,  17], 
[21, 1,  2], 
[22, 4,  3], 
[22, 19,  4], 
[22, 8,  19], 
[22, 15,  8], 
[22, 3,  15], 
[23, 16,  3], 
[23, 12,  16], 
[23, 0,  12], 
[23, 4,  0], 
[23, 3,  4], 
[24, 15,  3], 
[24, 6,  15], 
[24, 5,  6], 
[24, 16,  5], 
[24, 3,  16], 
[25, 14,  1], 
[25, 5,  14], 
[25, 6,  5], 
[25, 13,  6], 
[25, 1,  13], 
[26, 17,  2], 
[26, 9,  17], 
[26, 10,  9], 
[26, 18,  10], 
[26, 2,  18], 
[27, 0,  4], 
[27, 10,  0], 
[27, 9,  10], 
[27, 19,  9], 
[27, 4,  19], 
[28, 8,  7], 
[28, 19,  8], 
[28, 9,  19], 
[28, 17,  9], 
[28, 7,  17], 
[29, 15,  6], 
[29, 8,  15], 
[29, 7,  8], 
[29, 13,  7], 
[29, 6,  13], 
[30, 14,  5], 
[30, 11,  14], 
[30, 12,  11], 
[30, 16,  12], 
[30, 5,  16], 
[31, 0,  10], 
[31, 12,  0], 
[31, 11,  12], 
[31, 18,  11], 
[31, 10,  18]]
}